{
  "cols": 8,
  "data": {
    "point-0": [
      0.37569060921669006,
      0.2154696136713028,
      0.4364641010761261,
      0.3038673996925354,
      0.3977900445461273,
      0.9447513818740845,
      0.7874065041542053,
      0.6022099256515503
    ],
    "point-1": [
      0.20712964236736298,
      0.19657258689403534,
      0.442903995513916,
      0.4992083013057709,
      0.22472475469112396,
      0.2176867127418518,
      0.2212057262659073,
      0.2212057262659073
    ],
    "point-10": [
      0.20712964236736298,
      0.19657258689403534,
      0.22472475469112396,
      0.4956893026828766,
      0.40771380066871643,
      0.2176867127418518,
      0.1367492526769638,
      0.2176867127418518
    ],
    "point-11": [
      0.21064867079257965,
      0.24231985211372375,
      0.17897748947143555,
      0.26343396306037903,
      0.5308794975280762,
      0.7948060035705566,
      0.22472475469112396,
      0.7983250021934509
    ],
    "point-12": [
      0.21064867079257965,
      0.24231985211372375,
      0.17897748947143555,
      0.26343396306037903,
      0.5308794975280762,
      0.7948060035705566,
      0.22472475469112396,
      0.7983250021934509
    ],
    "point-13": [
      0.21064867079257965,
      0.24231985211372375,
      0.17897748947143555,
      0.26343396306037903,
      0.5308794975280762,
      0.7349826693534851,
      0.22472475469112396,
      0.7983250021934509
    ],
    "point-14": [
      0.21064867079257965,
      0.24231985211372375,
      0.17897748947143555,
      0.26343396306037903,
      0.39011868834495544,
      0.7349826693534851,
      0.22472475469112396,
      0.7983250021934509
    ],
    "point-15": [
      0.21064867079257965,
      0.24231985211372375,
      0.17897748947143555,
      0.26343396306037903,
      0.39011868834495544,
      0.7349826693534851,
      0.22472475469112396,
      0.7983250021934509
    ],
    "point-16": [
      0.21064867079257965,
      0.24231985211372375,
      0.17897748947143555,
      0.26343396306037903,
      0.4569800794124603,
      0.7349826693534851,
      0.22472475469112396,
      0.7983250021934509
    ],
    "point-17": [
      0.21064867079257965,
      0.24231985211372375,
      0.17897748947143555,
      0.26343396306037903,
      0.4569800794124603,
      0.7349826693534851,
      0.22472475469112396,
      0.7983250021934509
    ],
    "point-18": [
      0.21064867079257965,
      0.24231985211372375,
      0.17897748947143555,
      0.26343396306037903,
      0.46753713488578796,
      0.7349826693534851,
      0.22472475469112396,
      0.7983250021934509
    ],
    "point-19": [
      0.21064867079257965,
      0.24231985211372375,
      0.17897748947143555,
      0.26343396306037903,
      0.5273604989051819,
      0.7349826693534851,
      0.22472475469112396,
      0.7983250021934509
    ],
    "point-2": [
      0.20712964236736298,
      0.19657258689403534,
      0.442903995513916,
      0.4780941903591156,
      0.22472475469112396,
      0.28102907538414,
      0.2212057262659073,
      0.2212057262659073
    ],
    "point-20": [
      0.19305357336997986,
      0.2036106288433075,
      0.038216687738895416,
      0.4006757438182831,
      0.1543443500995636,
      0.29158613085746765,
      0.6399691104888916,
      0.2212057262659073
    ],
    "point-21": [
      0.19305357336997986,
      0.2036106288433075,
      0.038216687738895416,
      0.4006757438182831,
      0.1543443500995636,
      0.29158613085746765,
      0.6399691104888916,
      0.2212057262659073
    ],
    "point-22": [
      0.19305357336997986,
      0.2036106288433075,
      0.038216687738895416,
      0.40419477224349976,
      0.1543443500995636,
      0.29158613085746765,
      0.6434881091117859,
      0.19305357336997986
    ],
    "point-23": [
      0.19305357336997986,
      0.2036106288433075,
      0.038216687738895416,
      0.40419477224349976,
      0.1543443500995636,
      0.29158613085746765,
      0.6434881091117859,
      0.19305357336997986
    ],
    "point-24": [
      0.2036106288433075,
      0.2036106288433075,
      0.4464230239391327,
      0.5273604989051819,
      0.3795616328716278,
      0.29158613085746765,
      0.6434881091117859,
      0.19305357336997986
    ],
    "point-25": [
      0.2036106288433075,
      0.2036106288433075,
      0.4464230239391327,
      0.5273604989051819,
      0.3795616328716278,
      0.29158613085746765,
      0.8511103391647339,
      0.19305357336997986
    ],
    "point-26": [
      0.2036106288433075,
      0.2036106288433075,
      0.4464230239391327,
      0.5273604989051819,
      0.3795616328716278,
      0.6716402769088745,
      0.8511103391647339,
      0.19305357336997986
    ],
    "point-27": [
      0.2036106288433075,
      0.2036106288433075,
      0.4464230239391327,
      0.5273604989051819,
      0.3795616328716278,
      0.24231985211372375,
      0.8511103391647339,
      0.16490140557289124
    ],
    "point-28": [
      0.2036106288433075,
      0.2036106288433075,
      0.4464230239391327,
      0.5273604989051819,
      0.3795616328716278,
      0.24231985211372375,
      0.8124011158943176,
      0.16490140557289124
    ],
    "point-3": [
      0.20712964236736298,
      0.19657258689403534,
      0.442903995513916,
      0.4780941903591156,
      0.22472475469112396,
      0.28102907538414,
      0.2212057262659073,
      0.2212057262659073
    ],
    "point-4": [
      0.20712964236736298,
      0.19657258689403534,
      0.442903995513916,
      0.4780941903591156,
      0.22472475469112396,
      0.28102907538414,
      0.2212057262659073,
      0.2212057262659073
    ],
    "point-42": [
      0.31491711735725403,
      0.19337016344070435,
      0.1325966864824295,
      0.6574585437774658,
      0.3038673996925354,
      0.4751381278038025,
      0.8453038930892944,
      0.5248618721961975
    ],
    "point-43": [
      0.31491711735725403,
      0.19337016344070435,
      0.1325966864824295,
      0.6574585437774658,
      0.3038673996925354,
      0.4751381278038025,
      0.8453038930892944,
      0.5248618721961975
    ],
    "point-44": [
      0.31491711735725403,
      0.19337016344070435,
      0.1325966864824295,
      0.6574585437774658,
      0.3038673996925354,
      0.41988950967788696,
      0.8453038930892944,
      0.5248618721961975
    ],
    "point-45": [
      0.31491711735725403,
      0.19337016344070435,
      0.1325966864824295,
      0.6574585437774658,
      0.3038673996925354,
      0.0220994483679533,
      0.8453038930892944,
      0.5248618721961975
    ],
    "point-46": [
      0.31491711735725403,
      0.19337016344070435,
      0.1325966864824295,
      0.6574585437774658,
      0.3038673996925354,
      0.5745856165885925,
      0.8453038930892944,
      0.5248618721961975
    ],
    "point-47": [
      0.033149171620607376,
      0.0,
      0.12154696136713028,
      0.20994475483894348,
      0.5580110549926758,
      0.18232044577598572,
      0.6298342347145081,
      0.20994475483894348
    ],
    "point-48": [
      0.07734806835651398,
      0.0,
      0.19337016344070435,
      0.20994475483894348,
      0.5580110549926758,
      0.18232044577598572,
      0.6298342347145081,
      0.20994475483894348
    ],
    "point-49": [
      0.07734806835651398,
      0.0,
      0.09944751113653183,
      0.20994475483894348,
      0.5580110549926758,
      0.18232044577598572,
      0.6298342347145081,
      0.20994475483894348
    ],
    "point-5": [
      0.20712964236736298,
      0.19657258689403534,
      0.22472475469112396,
      0.4956893026828766,
      0.22472475469112396,
      0.2176867127418518,
      0.2176867127418518,
      0.2176867127418518
    ],
    "point-50": [
      0.07734806835651398,
      0.0,
      0.09944751113653183,
      0.20994475483894348,
      0.5580110549926758,
      0.18232044577598572,
      0.6298342347145081,
      0.027624309062957764
    ],