{
  "cols": 2,
  "data": {
    "point-0": [
      0.29921260476112366,
      0.6850393414497375
    ],
    "point-1": [
      0.14173229038715363,
      0.33070865273475647
    ],
    "point-10": [
      0.09448818862438202,
      0.10236220806837082
    ],
    "point-11": [
      0.007874015718698502,
      0.9921259880065918
    ],
    "point-12": [
      0.25196850299835205,
      0.960629940032959
    ],
    "point-13": [
      0.4251968562602997,
      0.8818897604942322
    ],
    "point-14": [
      0.07086614519357681,
      0.9370078444480896
    ],
    "point-15": [
      0.19685038924217224,
      0.8110235929489136
    ],
    "point-16": [
      0.031496062874794006,
      0.8188976645469666
    ],
    "point-17": [
      0.10236220806837082,
      0.6850393414497375
    ],
    "point-18": [
      0.14960630238056183,
      0.5984252095222473
    ],
    "point-19": [
      0.11023622006177902,
      0.5433070659637451
    ],
    "point-2": [
      0.0,
      0.05511811003088951
    ],
    "point-20": [
      0.960629940032959,
      1.0
    ],
    "point-21": [
      0.7559055089950562,
      0.960629940032959
    ],
    "point-22": [
      0.5984252095222473,
      0.8818897604942322
    ],
    "point-23": [
      0.7086614370346069,
      0.7952755689620972
    ],
    "point-24": [
      0.7795275449752808,
      0.7086614370346069
    ],
    "point-25": [
      0.8976377844810486,
      0.5511810779571533
    ],
    "point-26": [
      0.960629940032959,
      0.7086614370346069
    ],
    "point-27": [
      0.9842519760131836,
      0.8818897604942322
    ],
    "point-28": [
      0.9842519760131836,
      0.787401556968689
    ],
    "point-3": [
      0.23622047901153564,
      0.27559053897857666
    ],
    "point-4": [
      0.04724409431219101,
      0.23622047901153564
    ],
    "point-42": [
      0.5039370059967041,
      0.9291338324546814
    ],
    "point-43": [
      0.5039370059967041,
      0.9291338324546814
    ],
    "point-44": [
      0.5039370059967041,
      1.0
    ],
    "point-45": [
      0.8503937125205994,
      1.0
    ],
    "point-46": [
      0.11023622006177902,
      1.0
    ],
    "point-47": [
      0.9055117964744568,
      0.23622047901153564
    ],
    "point-48": [
      0.9212598204612732,
      0.3937007784843445
    ],
    "point-49": [
      0.7637795209884644,
      0.28346458077430725
    ],
    "point-5": [
      0.27559053897857666,
      0.21259842813014984
    ],
    "point-50": [
      0.8267716765403748,
      0.3700787425041199
    ],
    "point-51": [
      1.0,
      0.05511811003088951
    ],
    "point-52": [
      0.5669291615486145,
      0.11023622006177902
    ],
    "point-53": [
      0.6456692814826965,
      0.17322835326194763
    ],
    "point-54": [
      0.7165354490280151,
      0.22047244012355804
    ],
    "point-55": [
      0.7165354490280151,
      0.22047244012355804
    ],
    "point-56": [
      0.7952755689620972,
      0.10236220806837082
    ],
    "point-57": [
      0.9763779640197754,
      0.0
    ],
    "point-58": [
      0.7795275449752808,
      0.031496062874794006
    ],
    "point-59": [
      0.4645669162273407,
      0.4645669162273407
    ],
    "point-6": [
      0.20472441613674164,
      0.031496062874794006
    ],
    "point-60": [
      0.29133859276771545,
      0.4488188922405243
    ],
    "point-61": [
      0.4645669162273407,
      0.29921260476112366
    ],
    "point-62": [
      0.36220473051071167,
      0.3700787425041199
    ],
    "point-63": [
      0.4645669162273407,
      0.18110236525535583
    ],
    "point-64": [
      0.31496062874794006,
      0.29133859276771545
    ],
    "point-65": [
      0.17322835326194763,
      0.4409448802471161
    ],
    "point-66": [
      0.8188976645469666,
      0.4645669162273407
    ],
    "point-67": [
      0.6614173054695129,
      0.4645669162273407
    ],
    "point-68": [
      0.7716535329818726,
      0.3858267664909363
    ],
    "point-69": [
      0.5275590419769287,
      0.4645669162273407
    ],
    "point-7": [
      0.04724409431219101,
      0.015748031437397003
    ],
    "point-70": [
      0.6299212574958801,
      0.36220473051071167
    ],
    "point-71": [
      0.7007874250411987,
      0.29921260476112366
    ],
    "point-72": [
      0.5354330539703369,
      0.29921260476112366
    ],
    "point-73": [
      0.6456692814826965,
      0.25984251499176025
    ],
    "point-74": [
      0.5354330539703369,
      0.17322835326194763
    ],
    "point-75": [
      0.26771652698516846,
      0.0
    ],
    "point-76": [
      0.4960629940032959,
      0.06299212574958801
    ],
    "point-77": [
      0.4960629940032959,
      0.0
    ],
    "point-78": [
      0.8188976645469666,
      0.0
    ],
    "point-79": [
      0.8188976645469666,
      0.0
    ],
    "point-8": [
      0.4488188922405243,
      0.11023622006177902
    ],
    "point-80": [
      0.9291338324546814,
      0.4960629940032959
    ],
    "point-81": [
      1.0,
      0.4960629940032959
    ],
    "point-82": [
      1.0,
      0.834645688533783
    ],
    "point-83": [
      1.0,
      0.18897637724876404
    ],
    "point-84": [
      0.9685039520263672,
      0.4803149700164795
    ],
    "point-85": [
      0.07874015718698502,
      0.5039370059967041
    ],
    "point-86": [
      0.0,
      0.5039370059967041
    ],
    "point-87": [
      0.0,
      0.24409449100494385
    ],
    "point-88": [
      0.0,
      0.7952755689620972
    ],
    "point-89": [
      0.5354330539703369,
      0.5354330539703369
    ],
    "point-9": [
      0.09448818862438202,
      0.10236220806837082
    ],
    "point-90": [
      0.5433070659637451,
      0.6850393414497375
    ],
    "point-91": [
      0.6299212574958801,
      0.6299212574958801
    ],
    "point-92": [
      0.7165354490280151,
      0.5669291615486145
    ],
    "point-93": [
      0.834645688533783,
      0.5275590419769287
    ],
    "point-94": [
      0.7007874250411987,
      0.7007874250411987
    ]
  }
}
